{
    "energy": {
        "mean": [
            0.8787878787878788,
            0.7575757575757575,
            0.5454545454545454,
            0.4242424242424242,
            0.2727272727272727,
            0.0606060606060606
        ],
        "std": [
            0.22473328748774737,
            0.30151134457776363,
            0.3081387592457251,
            0.2620817977022988,
            0.25025239784318276,
            0.1348399724926484
        ]
    },
    "chest": {
        "mean": [
            0.49999999999999994,
            0.29166666666666663,
            0.08333333333333333,
            0.125,
            0.08333333333333333,
            0.041666666666666664
        ],
        "std": [
            0.25197631533948484,
            0.2136233148205519,
            0.1543033499620919,
            0.2480079363809483,
            0.1543033499620919,
            0.1178511301977579
        ]
    },
    "general": {
        "mean": [
            0.5595238095238095,
            0.4761904761904762,
            0.4404761904761905,
            0.32142857142857145,
            0.3571428571428572,
            0.2857142857142857
        ],
        "std": [
            0.368663394457191,
            0.365510442529189,
            0.29152490886161425,
            0.3483711151379142,
            0.2793605699491753,
            0.23002185311411807
        ]
    },
    "food": {
        "mean": [
            0.4,
            0.06666666666666667,
            0.06666666666666667,
            0.0,
            0.0,
            0.0
        ],
        "std": [
            0.3651483716701107,
            0.14907119849998599,
            0.14907119849998599,
            0.0,
            0.0,
            0.0
        ]
    },
    "mental health": {
        "mean": [
            0.8333333333333334,
            0.5999999999999999,
            0.5333333333333333,
            0.5,
            0.4,
            0.5
        ],
        "std": [
            0.23570226039551584,
            0.34426518632954817,
            0.3220305943597653,
            0.23570226039551584,
            0.3063121944908938,
            0.39283710065919303
        ]
    },
    "social life": {
        "mean": [
            0.41666666666666663,
            0.08333333333333333,
            0.16666666666666666,
            0.25,
            0.08333333333333333,
            0.08333333333333333
        ],
        "std": [
            0.3191423692521127,
            0.16666666666666666,
            0.19245008972987526,
            0.16666666666666666,
            0.16666666666666666,
            0.16666666666666666
        ]
    },
    "eating": {
        "mean": [
            0.0,
            0.0,
            0.0,
            0.0,
            0.0,
            0.0
        ],
        "std": [
            0.0,
            0.0,
            0.0,
            0.0,
            0.0,
            0.0
        ]
    },
    "head": {
        "mean": [
            0.5333333333333333,
            0.3333333333333333,
            0.13333333333333333,
            0.06666666666666667,
            0.2,
            0.2
        ],
        "std": [
            0.380058475033046,
            0.23570226039551584,
            0.18257418583505536,
            0.14907119849998599,
            0.29814239699997197,
            0.29814239699997197
        ]
    },
    "private": {
        "mean": [
            0.5833333333333334,
            0.5625,
            0.3125,
            0.23958333333333337,
            0.16666666666666669,
            0.19791666666666669
        ],
        "std": [
            0.34789617133815376,
            0.4172614801981401,
            0.35843021946010944,
            0.2935736975156594,
            0.25197631533948484,
            0.24372074509015768
        ]
    },
    "survey_dates": [
        "2016/06/25",
        "2017/01/08",
        "2018/01/08",
        "2019/01/08",
        "2020/01/08",
        "2021/01/08"
    ],
    "years_since_treatment": [
        0.5,
        1,
        2,
        3,
        4,
        5
    ]
}