{
    "energy": {
        "mean": [
            12.121212121212123,
            24.242424242424246,
            45.45454545454545,
            57.57575757575758,
            72.72727272727273,
            93.93939393939395
        ],
        "std": [
            22.473328748774737,
            30.15113445777636,
            30.81387592457251,
            26.208179770229883,
            25.025239784318277,
            13.483997249264839
        ]
    },
    "chest": {
        "mean": [
            49.99999999999999,
            70.83333333333333,
            91.66666666666667,
            87.49999999999999,
            91.66666666666667,
            95.83333333333333
        ],
        "std": [
            25.19763153394848,
            21.36233148205519,
            15.430334996209188,
            24.80079363809483,
            15.430334996209188,
            11.78511301977579
        ]
    },
    "general": {
        "mean": [
            44.047619047619044,
            52.38095238095237,
            55.952380952380956,
            67.85714285714286,
            64.28571428571429,
            71.42857142857143
        ],
        "std": [
            36.866339445719106,
            36.551044252918906,
            29.152490886161427,
            34.83711151379142,
            27.93605699491753,
            23.002185311411807
        ]
    },
    "food": {
        "mean": [
            60.0,
            93.33333333333334,
            93.33333333333334,
            100.0,
            100.0,
            100.0
        ],
        "std": [
            36.51483716701107,
            14.907119849998596,
            14.907119849998596,
            0.0,
            0.0,
            0.0
        ]
    },
    "mental health": {
        "mean": [
            16.666666666666668,
            40.0,
            46.66666666666667,
            50.00000000000001,
            60.000000000000014,
            50.0
        ],
        "std": [
            23.570226039551585,
            34.42651863295482,
            32.20305943597653,
            23.57022603955159,
            30.63121944908938,
            39.2837100659193
        ]
    },
    "social life": {
        "mean": [
            58.333333333333336,
            91.66666666666667,
            83.33333333333334,
            75.0,
            91.66666666666667,
            91.66666666666667
        ],
        "std": [
            31.914236925211267,
            16.666666666666664,
            19.245008972987524,
            16.666666666666664,
            16.666666666666664,
            16.666666666666664
        ]
    },
    "eating": {
        "mean": [
            100.0,
            100.0,
            100.0,
            100.0,
            100.0,
            100.0
        ],
        "std": [
            0.0,
            0.0,
            0.0,
            0.0,
            0.0,
            0.0
        ]
    },
    "head": {
        "mean": [
            46.66666666666667,
            66.66666666666667,
            86.66666666666667,
            93.33333333333334,
            80.00000000000001,
            80.00000000000001
        ],
        "std": [
            38.0058475033046,
            23.570226039551585,
            18.257418583505537,
            14.907119849998596,
            29.814239699997195,
            29.814239699997195
        ]
    },
    "private": {
        "mean": [
            41.666666666666664,
            43.75,
            68.75,
            76.04166666666666,
            83.33333333333333,
            80.20833333333333
        ],
        "std": [
            34.78961713381537,
            41.72614801981401,
            35.84302194601094,
            29.35736975156594,
            25.197631533948485,
            24.372074509015764
        ]
    },
    "survey_dates": [
        "2016/06/25",
        "2017/01/08",
        "2018/01/08",
        "2019/01/08",
        "2020/01/08",
        "2021/01/08"
    ],
    "years_since_treatment": [
        0.5,
        1,
        2,
        3,
        4,
        5
    ]
}